{
    "Solution": [
        {
            "beta_x": 9.76681802352389,
            "beta_y": 6.771561362587928,
            "n": 7.913171921271079
        },
        {
            "beta_x": 9.202600093853777,
            "beta_y": 7.330254361463227,
            "n": 7.913171921271079
        },
        {
            "beta_x": 7.591639802106473,
            "beta_y": 7.330254361463227,
            "n": 7.913171921271079
        }
    ],
    "Values": [
        [
            1.0000000000002462,
            2.1133289555532293e-06
        ],
        [
            1.0000000000002105,
            1.12853461565424e-06
        ],
        [
            1.0000000000009652,
            1.128535370347472e-06
        ]
    ]
}