{
    "Solution": {
        "beta_x": 3.6142925439609455,
        "beta_y": 3.990745532404391,
        "n": 2.7542813449673074
    },
    "Values": [
        1.00538633554658,
        0.06502445155178102
    ],
    "Population": {
        "beta_x": [
            0.0,
            10.0
        ],
        "beta_y": [
            0.0,
            10.0
        ],
        "n": [
            0.0,
            10.0
        ]
    },
    "SampleSpace": {
        "beta_x": 1,
        "beta_y": 1,
        "n": 1
    }
}