{
    "Solution": [
        {
            "beta_x": 10.976270078546495,
            "beta_y": 14.30378732744839,
            "n": 6.027633760716439
        }
    ],
    "Values": [
        [
            NaN,
            NaN
        ]
    ]
}