{
    "Solution": [
        {
            "alpha": 49.390743259095686,
            "n": 9.981794778342323
        }
    ],
    "Values": [
        [
            1.0000000000000002,
            4.837538445271234e-16
        ]
    ]
}