{
    "Solution": {
        "alpha": 18.425841826618427,
        "n": 1.1614142493450892
    },
    "Values": [
        1.0412366496777905,
        0.1187227793248677
    ],
    "Population": {
        "alpha": [
            0.01,
            50
        ],
        "n": [
            0.01,
            10
        ]
    },
    "SampleSpace": {
        "alpha": 1,
        "n": 1
    }
}