{
    "Solution": {
        "alpha": 2.059115781648214,
        "n": 9.999303819944277
    },
    "Values": [
        0.16340433736132198,
        0.004021567100039209
    ],
    "Population": {
        "alpha": [
            0.01,
            50.0
        ],
        "n": [
            0.01,
            10.0
        ]
    },
    "SampleSpace": {
        "alpha": 1,
        "n": 1
    }
}